idPlaca;Placa;N�mero_de_S�rie;Estampador
1;FXJ-0618;00314042007-B;Mercosul
2;PQM-4919;10314042007-B;Mercosul
3;IFG-1400;00523042007-B;Mercosul
4;ILP-0033;12523042007-B;Mercosul
5;IGY-4541;13523042007-B;Mercosul
6;IXM-3106;14523042007-B;Mercosul
7;JCK-5231;15523042007-B;Mercosul
8;JBU-4024;16523042007-B;Mercosul
9;IOW-7802;17523042007-B;Mercosul
10;LZS-9120;60523042007-B;Mercosul
11;MGH-7202;00523042007-B;Mercosul
12;MJB-7717;06523042007-B;Mercosul
13;LZV-1295;87523042007-B;Mercosul
14;MAP-4485;26523042007-B;Mercosul
15;FKM-1742;21523042007-B;Mercosul
