idcarro;Ano;Categoria;Motor;Proprietario_idProprietario;Opcionais_idOpcionais;Placa_idPlaca;Chassi_idChassi
1;2002;Sedan;4 cilindros;1;1;1;1
2;2003;Hatch;Vtech;2;2;2;2
3;2004;Caminhonete;Turbo;3;2;3;3
4;2005;Sedan;Diesel;4;3;4;4
5;2006;Hatch;5 cilindros;5;4;5;5
6;2007;Caminhonete;Vtech;6;5;6;6
7;2008;Sedan;Turbo;7;6;7;7
8;2009;Hatch;Diesel;8;7;8;8
9;2010;Caminhonete;6 cilindros;9;8;9;9
10;2011;Sedan;Vtech;10;9;10;10
11;2012;Hatch;Turbo;11;10;11;11
12;2013;Caminhonete;Diesel;12;11;12;12
13;2014;Sedan;7 cilindros;13;12;13;13
14;2015;Hatch;Vtech;14;13;14;14
15;2016;Caminhonete;Turbo;15;14;15;15
